,Tweets
0,"Arjantin-Fransa devre arasÄ±nda Didier Deschamps: ""Onlarla aramÄ±zdaki fark ne biliyor musunuz? Onlar bir s**tiÄŸimin DÃ¼nya KupasÄ± finali oynuyorlar, biz ise oynamÄ±yoruz."""
1,"Son bir buÃ§uk sene iÃ§inde Milli TakÄ±m'la Messi:
1x Copa America
1x Finalissima
1x DÃ¼nya KupasÄ±"
2,"Son bir buÃ§uk sene iÃ§inde Milli TakÄ±m'la Messi:
1x Copa America
1x Finalissima
1x DÃ¼nya KupasÄ±"
3,"Hadi gel yÄ±kalÄ±m ÅŸu Ronaldo'yu desen iki antrenÃ¶r yeter, 
Bir yedek kulÃ¼besi bir de yavÅŸak basÄ±n. 
Ama gel yapalÄ±m ÅŸu efsaneyi geri dersen 
34 kupa 800 gol ve 20 yÄ±l lazÄ±m!
#CristianoRonaldo #CR7ğ“ƒµ"
4,2022.. her seye zam.. iÃ§imde suwen var.. festivallerin yasaklanmasi.. kralice elizabeth.. gerekirse simit yenecek.. canlÄ± yayÄ±n aÃ§an koyun.. kpss.. izabelya fevzi.. merve bolugur.. yabanci damat.. oguzhan ugur.. sosyal medya yasasi.. tatbikat.. dÃ¼nya kupasi.. kismetse olur..
5,"Diego Maradonaâ€™nÄ±n â€˜86 DÃ¼nya KupasÄ±â€™nda BelÃ§ikaâ€™nÄ±n iÃ§inden geÃ§tiÄŸi efsane performansÄ±.

Ã–zellikle 01:00â€™a dikkat edilirse zeminin dÃ¼mdÃ¼z top sÃ¼rmeye bile izin vermeyecek kadar kÃ¶tÃ¼ halde olduÄŸu gÃ¶rÃ¼lÃ¼r. GÃ¼nÃ¼mÃ¼z futbolunda Ã§im boyuna bile dikkat ediliyor."
6,"Lionel Messi'nin, olaÄŸanÃ¼stÃ¼ 2022 dÃ¼nya kupasÄ± performansÄ±.

Herkesten daha Ã§ok o hakediyor."
7,Lionel Messi - DÃ¼nya KupasÄ± Ã¶zel AÅŸkÄ±n OlayÄ±m edit  #Messiğ“ƒµ
8,Lionel Messi - DÃ¼nya KupasÄ± Ã¶zel AÅŸkÄ±n OlayÄ±m edit  #Messiğ“ƒµ
9,2022.. her seye zam.. iÃ§imde suwen var.. festivallerin yasaklanmasi.. kralice elizabeth.. gerekirse simit yenecek.. canlÄ± yayÄ±n aÃ§an koyun.. kpss.. izabelya fevzi.. merve bolugur.. yabanci damat.. oguzhan ugur.. sosyal medya yasasi.. tatbikat.. dÃ¼nya kupasi.. kismetse olur..
